Year,Month,Avg_Revenue
2024,1,469.3006451612901
2024,2,372.53
2024,3,414.4916129032257
2024,4,415.05633333333316
2024,5,272.75774193548386
2024,6,246.1516666666666
2024,7,219.2606451612903
2024,8,269.55962962962957
