Year,Month,Revenue
2024,1,14548.319999999992
2024,2,10803.369999999999
2024,3,12849.239999999996
2024,4,12451.689999999995
2024,5,8455.49
2024,6,7384.549999999998
2024,7,6797.08
2024,8,7278.109999999999
