Year,Month,Revenue
2024,1,14548.319999999992
2024,3,12849.239999999996
2024,4,12451.689999999995
